,id,url,repository_url,labels_url,user
0,2083833260,https://api.github.com/repos/pandas-dev/pandas/issues/56908,https://api.github.com/repos/pandas-dev/pandas,https://api.github.com/repos/pandas-dev/pandas/issues/56908/labels{/name},"{'login': 'chuongmep', 'id': 31106432, 'node_id': 'MDQ6VXNlcjMxMTA2NDMy', 'avatar_url': 'https://avatars.githubusercontent.com/u/31106432?v=4', 'gravatar_id': '', 'url': 'https://api.github.com/users/chuongmep', 'html_url': 'https://github.com/chuongmep', 'followers_url': 'https://api.github.com/users/chuongmep/followers', 'following_url': 'https://api.github.com/users/chuongmep/following{/other_user}', 'gists_url': 'https://api.github.com/users/chuongmep/gists{/gist_id}', 'starred_url': 'https://api.github.com/users/chuongmep/starred{/owner}{/repo}', 'subscriptions_url': 'https://api.github.com/users/chuongmep/subscriptions', 'organizations_url': 'https://api.github.com/users/chuongmep/orgs', 'repos_url': 'https://api.github.com/users/chuongmep/repos', 'events_url': 'https://api.github.com/users/chuongmep/events{/privacy}', 'received_events_url': 'https://api.github.com/users/chuongmep/received_events', 'type': 'User', 'site_admin': False}"
1,2083493714,https://api.github.com/repos/pandas-dev/pandas/issues/56907,https://api.github.com/repos/pandas-dev/pandas,https://api.github.com/repos/pandas-dev/pandas/issues/56907/labels{/name},"{'login': 'datapythonista', 'id': 10058240, 'node_id': 'MDQ6VXNlcjEwMDU4MjQw', 'avatar_url': 'https://avatars.githubusercontent.com/u/10058240?v=4', 'gravatar_id': '', 'url': 'https://api.github.com/users/datapythonista', 'html_url': 'https://github.com/datapythonista', 'followers_url': 'https://api.github.com/users/datapythonista/followers', 'following_url': 'https://api.github.com/users/datapythonista/following{/other_user}', 'gists_url': 'https://api.github.com/users/datapythonista/gists{/gist_id}', 'starred_url': 'https://api.github.com/users/datapythonista/starred{/owner}{/repo}', 'subscriptions_url': 'https://api.github.com/users/datapythonista/subscriptions', 'organizations_url': 'https://api.github.com/users/datapythonista/orgs', 'repos_url': 'https://api.github.com/users/datapythonista/repos', 'events_url': 'https://api.github.com/users/datapythonista/events{/privacy}', 'received_events_url': 'https://api.github.com/users/datapythonista/received_events', 'type': 'User', 'site_admin': False}"
2,2083423129,https://api.github.com/repos/pandas-dev/pandas/issues/56906,https://api.github.com/repos/pandas-dev/pandas,https://api.github.com/repos/pandas-dev/pandas/issues/56906/labels{/name},"{'login': 'natmokval', 'id': 91160475, 'node_id': 'MDQ6VXNlcjkxMTYwNDc1', 'avatar_url': 'https://avatars.githubusercontent.com/u/91160475?v=4', 'gravatar_id': '', 'url': 'https://api.github.com/users/natmokval', 'html_url': 'https://github.com/natmokval', 'followers_url': 'https://api.github.com/users/natmokval/followers', 'following_url': 'https://api.github.com/users/natmokval/following{/other_user}', 'gists_url': 'https://api.github.com/users/natmokval/gists{/gist_id}', 'starred_url': 'https://api.github.com/users/natmokval/starred{/owner}{/repo}', 'subscriptions_url': 'https://api.github.com/users/natmokval/subscriptions', 'organizations_url': 'https://api.github.com/users/natmokval/orgs', 'repos_url': 'https://api.github.com/users/natmokval/repos', 'events_url': 'https://api.github.com/users/natmokval/events{/privacy}', 'received_events_url': 'https://api.github.com/users/natmokval/received_events', 'type': 'User', 'site_admin': False}"
3,2083172588,https://api.github.com/repos/pandas-dev/pandas/issues/56905,https://api.github.com/repos/pandas-dev/pandas,https://api.github.com/repos/pandas-dev/pandas/issues/56905/labels{/name},"{'login': 'luke396', 'id': 77875500, 'node_id': 'MDQ6VXNlcjc3ODc1NTAw', 'avatar_url': 'https://avatars.githubusercontent.com/u/77875500?v=4', 'gravatar_id': '', 'url': 'https://api.github.com/users/luke396', 'html_url': 'https://github.com/luke396', 'followers_url': 'https://api.github.com/users/luke396/followers', 'following_url': 'https://api.github.com/users/luke396/following{/other_user}', 'gists_url': 'https://api.github.com/users/luke396/gists{/gist_id}', 'starred_url': 'https://api.github.com/users/luke396/starred{/owner}{/repo}', 'subscriptions_url': 'https://api.github.com/users/luke396/subscriptions', 'organizations_url': 'https://api.github.com/users/luke396/orgs', 'repos_url': 'https://api.github.com/users/luke396/repos', 'events_url': 'https://api.github.com/users/luke396/events{/privacy}', 'received_events_url': 'https://api.github.com/users/luke396/received_events', 'type': 'User', 'site_admin': False}"
4,2082962042,https://api.github.com/repos/pandas-dev/pandas/issues/56904,https://api.github.com/repos/pandas-dev/pandas,https://api.github.com/repos/pandas-dev/pandas/issues/56904/labels{/name},"{'login': 'jordan-d-murphy', 'id': 35613487, 'node_id': 'MDQ6VXNlcjM1NjEzNDg3', 'avatar_url': 'https://avatars.githubusercontent.com/u/35613487?v=4', 'gravatar_id': '', 'url': 'https://api.github.com/users/jordan-d-murphy', 'html_url': 'https://github.com/jordan-d-murphy', 'followers_url': 'https://api.github.com/users/jordan-d-murphy/followers', 'following_url': 'https://api.github.com/users/jordan-d-murphy/following{/other_user}', 'gists_url': 'https://api.github.com/users/jordan-d-murphy/gists{/gist_id}', 'starred_url': 'https://api.github.com/users/jordan-d-murphy/starred{/owner}{/repo}', 'subscriptions_url': 'https://api.github.com/users/jordan-d-murphy/subscriptions', 'organizations_url': 'https://api.github.com/users/jordan-d-murphy/orgs', 'repos_url': 'https://api.github.com/users/jordan-d-murphy/repos', 'events_url': 'https://api.github.com/users/jordan-d-murphy/events{/privacy}', 'received_events_url': 'https://api.github.com/users/jordan-d-murphy/received_events', 'type': 'User', 'site_admin': False}"
5,2082896937,https://api.github.com/repos/pandas-dev/pandas/issues/56903,https://api.github.com/repos/pandas-dev/pandas,https://api.github.com/repos/pandas-dev/pandas/issues/56903/labels{/name},"{'login': 'Alexia-I', 'id': 76517593, 'node_id': 'MDQ6VXNlcjc2NTE3NTkz', 'avatar_url': 'https://avatars.githubusercontent.com/u/76517593?v=4', 'gravatar_id': '', 'url': 'https://api.github.com/users/Alexia-I', 'html_url': 'https://github.com/Alexia-I', 'followers_url': 'https://api.github.com/users/Alexia-I/followers', 'following_url': 'https://api.github.com/users/Alexia-I/following{/other_user}', 'gists_url': 'https://api.github.com/users/Alexia-I/gists{/gist_id}', 'starred_url': 'https://api.github.com/users/Alexia-I/starred{/owner}{/repo}', 'subscriptions_url': 'https://api.github.com/users/Alexia-I/subscriptions', 'organizations_url': 'https://api.github.com/users/Alexia-I/orgs', 'repos_url': 'https://api.github.com/users/Alexia-I/repos', 'events_url': 'https://api.github.com/users/Alexia-I/events{/privacy}', 'received_events_url': 'https://api.github.com/users/Alexia-I/received_events', 'type': 'User', 'site_admin': False}"
6,2082867564,https://api.github.com/repos/pandas-dev/pandas/issues/56902,https://api.github.com/repos/pandas-dev/pandas,https://api.github.com/repos/pandas-dev/pandas/issues/56902/labels{/name},"{'login': 'rhshadrach', 'id': 45562402, 'node_id': 'MDQ6VXNlcjQ1NTYyNDAy', 'avatar_url': 'https://avatars.githubusercontent.com/u/45562402?v=4', 'gravatar_id': '', 'url': 'https://api.github.com/users/rhshadrach', 'html_url': 'https://github.com/rhshadrach', 'followers_url': 'https://api.github.com/users/rhshadrach/followers', 'following_url': 'https://api.github.com/users/rhshadrach/following{/other_user}', 'gists_url': 'https://api.github.com/users/rhshadrach/gists{/gist_id}', 'starred_url': 'https://api.github.com/users/rhshadrach/starred{/owner}{/repo}', 'subscriptions_url': 'https://api.github.com/users/rhshadrach/subscriptions', 'organizations_url': 'https://api.github.com/users/rhshadrach/orgs', 'repos_url': 'https://api.github.com/users/rhshadrach/repos', 'events_url': 'https://api.github.com/users/rhshadrach/events{/privacy}', 'received_events_url': 'https://api.github.com/users/rhshadrach/received_events', 'type': 'User', 'site_admin': False}"
7,2082856032,https://api.github.com/repos/pandas-dev/pandas/issues/56900,https://api.github.com/repos/pandas-dev/pandas,https://api.github.com/repos/pandas-dev/pandas/issues/56900/labels{/name},"{'login': 'alpakpinar', 'id': 45109652, 'node_id': 'MDQ6VXNlcjQ1MTA5NjUy', 'avatar_url': 'https://avatars.githubusercontent.com/u/45109652?v=4', 'gravatar_id': '', 'url': 'https://api.github.com/users/alpakpinar', 'html_url': 'https://github.com/alpakpinar', 'followers_url': 'https://api.github.com/users/alpakpinar/followers', 'following_url': 'https://api.github.com/users/alpakpinar/following{/other_user}', 'gists_url': 'https://api.github.com/users/alpakpinar/gists{/gist_id}', 'starred_url': 'https://api.github.com/users/alpakpinar/starred{/owner}{/repo}', 'subscriptions_url': 'https://api.github.com/users/alpakpinar/subscriptions', 'organizations_url': 'https://api.github.com/users/alpakpinar/orgs', 'repos_url': 'https://api.github.com/users/alpakpinar/repos', 'events_url': 'https://api.github.com/users/alpakpinar/events{/privacy}', 'received_events_url': 'https://api.github.com/users/alpakpinar/received_events', 'type': 'User', 'site_admin': False}"
8,2082776498,https://api.github.com/repos/pandas-dev/pandas/issues/56899,https://api.github.com/repos/pandas-dev/pandas,https://api.github.com/repos/pandas-dev/pandas/issues/56899/labels{/name},"{'login': 'natmokval', 'id': 91160475, 'node_id': 'MDQ6VXNlcjkxMTYwNDc1', 'avatar_url': 'https://avatars.githubusercontent.com/u/91160475?v=4', 'gravatar_id': '', 'url': 'https://api.github.com/users/natmokval', 'html_url': 'https://github.com/natmokval', 'followers_url': 'https://api.github.com/users/natmokval/followers', 'following_url': 'https://api.github.com/users/natmokval/following{/other_user}', 'gists_url': 'https://api.github.com/users/natmokval/gists{/gist_id}', 'starred_url': 'https://api.github.com/users/natmokval/starred{/owner}{/repo}', 'subscriptions_url': 'https://api.github.com/users/natmokval/subscriptions', 'organizations_url': 'https://api.github.com/users/natmokval/orgs', 'repos_url': 'https://api.github.com/users/natmokval/repos', 'events_url': 'https://api.github.com/users/natmokval/events{/privacy}', 'received_events_url': 'https://api.github.com/users/natmokval/received_events', 'type': 'User', 'site_admin': False}"
9,2082697567,https://api.github.com/repos/pandas-dev/pandas/issues/56896,https://api.github.com/repos/pandas-dev/pandas,https://api.github.com/repos/pandas-dev/pandas/issues/56896/labels{/name},"{'login': 'lithomas1', 'id': 47963215, 'node_id': 'MDQ6VXNlcjQ3OTYzMjE1', 'avatar_url': 'https://avatars.githubusercontent.com/u/47963215?v=4', 'gravatar_id': '', 'url': 'https://api.github.com/users/lithomas1', 'html_url': 'https://github.com/lithomas1', 'followers_url': 'https://api.github.com/users/lithomas1/followers', 'following_url': 'https://api.github.com/users/lithomas1/following{/other_user}', 'gists_url': 'https://api.github.com/users/lithomas1/gists{/gist_id}', 'starred_url': 'https://api.github.com/users/lithomas1/starred{/owner}{/repo}', 'subscriptions_url': 'https://api.github.com/users/lithomas1/subscriptions', 'organizations_url': 'https://api.github.com/users/lithomas1/orgs', 'repos_url': 'https://api.github.com/users/lithomas1/repos', 'events_url': 'https://api.github.com/users/lithomas1/events{/privacy}', 'received_events_url': 'https://api.github.com/users/lithomas1/received_events', 'type': 'User', 'site_admin': False}"
10,2082652795,https://api.github.com/repos/pandas-dev/pandas/issues/56895,https://api.github.com/repos/pandas-dev/pandas,https://api.github.com/repos/pandas-dev/pandas/issues/56895/labels{/name},"{'login': 'tqa236', 'id': 25203655, 'node_id': 'MDQ6VXNlcjI1MjAzNjU1', 'avatar_url': 'https://avatars.githubusercontent.com/u/25203655?v=4', 'gravatar_id': '', 'url': 'https://api.github.com/users/tqa236', 'html_url': 'https://github.com/tqa236', 'followers_url': 'https://api.github.com/users/tqa236/followers', 'following_url': 'https://api.github.com/users/tqa236/following{/other_user}', 'gists_url': 'https://api.github.com/users/tqa236/gists{/gist_id}', 'starred_url': 'https://api.github.com/users/tqa236/starred{/owner}{/repo}', 'subscriptions_url': 'https://api.github.com/users/tqa236/subscriptions', 'organizations_url': 'https://api.github.com/users/tqa236/orgs', 'repos_url': 'https://api.github.com/users/tqa236/repos', 'events_url': 'https://api.github.com/users/tqa236/events{/privacy}', 'received_events_url': 'https://api.github.com/users/tqa236/received_events', 'type': 'User', 'site_admin': False}"
11,2082642253,https://api.github.com/repos/pandas-dev/pandas/issues/56894,https://api.github.com/repos/pandas-dev/pandas,https://api.github.com/repos/pandas-dev/pandas/issues/56894/labels{/name},"{'login': 'tqa236', 'id': 25203655, 'node_id': 'MDQ6VXNlcjI1MjAzNjU1', 'avatar_url': 'https://avatars.githubusercontent.com/u/25203655?v=4', 'gravatar_id': '', 'url': 'https://api.github.com/users/tqa236', 'html_url': 'https://github.com/tqa236', 'followers_url': 'https://api.github.com/users/tqa236/followers', 'following_url': 'https://api.github.com/users/tqa236/following{/other_user}', 'gists_url': 'https://api.github.com/users/tqa236/gists{/gist_id}', 'starred_url': 'https://api.github.com/users/tqa236/starred{/owner}{/repo}', 'subscriptions_url': 'https://api.github.com/users/tqa236/subscriptions', 'organizations_url': 'https://api.github.com/users/tqa236/orgs', 'repos_url': 'https://api.github.com/users/tqa236/repos', 'events_url': 'https://api.github.com/users/tqa236/events{/privacy}', 'received_events_url': 'https://api.github.com/users/tqa236/received_events', 'type': 'User', 'site_admin': False}"
12,2082445854,https://api.github.com/repos/pandas-dev/pandas/issues/56892,https://api.github.com/repos/pandas-dev/pandas,https://api.github.com/repos/pandas-dev/pandas/issues/56892/labels{/name},"{'login': 'twoertwein', 'id': 6618166, 'node_id': 'MDQ6VXNlcjY2MTgxNjY=', 'avatar_url': 'https://avatars.githubusercontent.com/u/6618166?v=4', 'gravatar_id': '', 'url': 'https://api.github.com/users/twoertwein', 'html_url': 'https://github.com/twoertwein', 'followers_url': 'https://api.github.com/users/twoertwein/followers', 'following_url': 'https://api.github.com/users/twoertwein/following{/other_user}', 'gists_url': 'https://api.github.com/users/twoertwein/gists{/gist_id}', 'starred_url': 'https://api.github.com/users/twoertwein/starred{/owner}{/repo}', 'subscriptions_url': 'https://api.github.com/users/twoertwein/subscriptions', 'organizations_url': 'https://api.github.com/users/twoertwein/orgs', 'repos_url': 'https://api.github.com/users/twoertwein/repos', 'events_url': 'https://api.github.com/users/twoertwein/events{/privacy}', 'received_events_url': 'https://api.github.com/users/twoertwein/received_events', 'type': 'User', 'site_admin': False}"
13,2082351524,https://api.github.com/repos/pandas-dev/pandas/issues/56890,https://api.github.com/repos/pandas-dev/pandas,https://api.github.com/repos/pandas-dev/pandas/issues/56890/labels{/name},"{'login': 'lopof', 'id': 17410600, 'node_id': 'MDQ6VXNlcjE3NDEwNjAw', 'avatar_url': 'https://avatars.githubusercontent.com/u/17410600?v=4', 'gravatar_id': '', 'url': 'https://api.github.com/users/lopof', 'html_url': 'https://github.com/lopof', 'followers_url': 'https://api.github.com/users/lopof/followers', 'following_url': 'https://api.github.com/users/lopof/following{/other_user}', 'gists_url': 'https://api.github.com/users/lopof/gists{/gist_id}', 'starred_url': 'https://api.github.com/users/lopof/starred{/owner}{/repo}', 'subscriptions_url': 'https://api.github.com/users/lopof/subscriptions', 'organizations_url': 'https://api.github.com/users/lopof/orgs', 'repos_url': 'https://api.github.com/users/lopof/repos', 'events_url': 'https://api.github.com/users/lopof/events{/privacy}', 'received_events_url': 'https://api.github.com/users/lopof/received_events', 'type': 'User', 'site_admin': False}"
14,2082046634,https://api.github.com/repos/pandas-dev/pandas/issues/56888,https://api.github.com/repos/pandas-dev/pandas,https://api.github.com/repos/pandas-dev/pandas/issues/56888/labels{/name},"{'login': 'shadiakiki1986', 'id': 8392324, 'node_id': 'MDQ6VXNlcjgzOTIzMjQ=', 'avatar_url': 'https://avatars.githubusercontent.com/u/8392324?v=4', 'gravatar_id': '', 'url': 'https://api.github.com/users/shadiakiki1986', 'html_url': 'https://github.com/shadiakiki1986', 'followers_url': 'https://api.github.com/users/shadiakiki1986/followers', 'following_url': 'https://api.github.com/users/shadiakiki1986/following{/other_user}', 'gists_url': 'https://api.github.com/users/shadiakiki1986/gists{/gist_id}', 'starred_url': 'https://api.github.com/users/shadiakiki1986/starred{/owner}{/repo}', 'subscriptions_url': 'https://api.github.com/users/shadiakiki1986/subscriptions', 'organizations_url': 'https://api.github.com/users/shadiakiki1986/orgs', 'repos_url': 'https://api.github.com/users/shadiakiki1986/repos', 'events_url': 'https://api.github.com/users/shadiakiki1986/events{/privacy}', 'received_events_url': 'https://api.github.com/users/shadiakiki1986/received_events', 'type': 'User', 'site_admin': False}"
15,2082042416,https://api.github.com/repos/pandas-dev/pandas/issues/56887,https://api.github.com/repos/pandas-dev/pandas,https://api.github.com/repos/pandas-dev/pandas/issues/56887/labels{/name},"{'login': 'shadiakiki1986', 'id': 8392324, 'node_id': 'MDQ6VXNlcjgzOTIzMjQ=', 'avatar_url': 'https://avatars.githubusercontent.com/u/8392324?v=4', 'gravatar_id': '', 'url': 'https://api.github.com/users/shadiakiki1986', 'html_url': 'https://github.com/shadiakiki1986', 'followers_url': 'https://api.github.com/users/shadiakiki1986/followers', 'following_url': 'https://api.github.com/users/shadiakiki1986/following{/other_user}', 'gists_url': 'https://api.github.com/users/shadiakiki1986/gists{/gist_id}', 'starred_url': 'https://api.github.com/users/shadiakiki1986/starred{/owner}{/repo}', 'subscriptions_url': 'https://api.github.com/users/shadiakiki1986/subscriptions', 'organizations_url': 'https://api.github.com/users/shadiakiki1986/orgs', 'repos_url': 'https://api.github.com/users/shadiakiki1986/repos', 'events_url': 'https://api.github.com/users/shadiakiki1986/events{/privacy}', 'received_events_url': 'https://api.github.com/users/shadiakiki1986/received_events', 'type': 'User', 'site_admin': False}"
16,2081241755,https://api.github.com/repos/pandas-dev/pandas/issues/56883,https://api.github.com/repos/pandas-dev/pandas,https://api.github.com/repos/pandas-dev/pandas/issues/56883/labels{/name},"{'login': 'VISWESWARAN1998', 'id': 16797137, 'node_id': 'MDQ6VXNlcjE2Nzk3MTM3', 'avatar_url': 'https://avatars.githubusercontent.com/u/16797137?v=4', 'gravatar_id': '', 'url': 'https://api.github.com/users/VISWESWARAN1998', 'html_url': 'https://github.com/VISWESWARAN1998', 'followers_url': 'https://api.github.com/users/VISWESWARAN1998/followers', 'following_url': 'https://api.github.com/users/VISWESWARAN1998/following{/other_user}', 'gists_url': 'https://api.github.com/users/VISWESWARAN1998/gists{/gist_id}', 'starred_url': 'https://api.github.com/users/VISWESWARAN1998/starred{/owner}{/repo}', 'subscriptions_url': 'https://api.github.com/users/VISWESWARAN1998/subscriptions', 'organizations_url': 'https://api.github.com/users/VISWESWARAN1998/orgs', 'repos_url': 'https://api.github.com/users/VISWESWARAN1998/repos', 'events_url': 'https://api.github.com/users/VISWESWARAN1998/events{/privacy}', 'received_events_url': 'https://api.github.com/users/VISWESWARAN1998/received_events', 'type': 'User', 'site_admin': False}"
17,2080847227,https://api.github.com/repos/pandas-dev/pandas/issues/56877,https://api.github.com/repos/pandas-dev/pandas,https://api.github.com/repos/pandas-dev/pandas/issues/56877/labels{/name},"{'login': 'Dr-Irv', 'id': 15113894, 'node_id': 'MDQ6VXNlcjE1MTEzODk0', 'avatar_url': 'https://avatars.githubusercontent.com/u/15113894?v=4', 'gravatar_id': '', 'url': 'https://api.github.com/users/Dr-Irv', 'html_url': 'https://github.com/Dr-Irv', 'followers_url': 'https://api.github.com/users/Dr-Irv/followers', 'following_url': 'https://api.github.com/users/Dr-Irv/following{/other_user}', 'gists_url': 'https://api.github.com/users/Dr-Irv/gists{/gist_id}', 'starred_url': 'https://api.github.com/users/Dr-Irv/starred{/owner}{/repo}', 'subscriptions_url': 'https://api.github.com/users/Dr-Irv/subscriptions', 'organizations_url': 'https://api.github.com/users/Dr-Irv/orgs', 'repos_url': 'https://api.github.com/users/Dr-Irv/repos', 'events_url': 'https://api.github.com/users/Dr-Irv/events{/privacy}', 'received_events_url': 'https://api.github.com/users/Dr-Irv/received_events', 'type': 'User', 'site_admin': False}"
18,2080830532,https://api.github.com/repos/pandas-dev/pandas/issues/56876,https://api.github.com/repos/pandas-dev/pandas,https://api.github.com/repos/pandas-dev/pandas/issues/56876/labels{/name},"{'login': 'Dr-Irv', 'id': 15113894, 'node_id': 'MDQ6VXNlcjE1MTEzODk0', 'avatar_url': 'https://avatars.githubusercontent.com/u/15113894?v=4', 'gravatar_id': '', 'url': 'https://api.github.com/users/Dr-Irv', 'html_url': 'https://github.com/Dr-Irv', 'followers_url': 'https://api.github.com/users/Dr-Irv/followers', 'following_url': 'https://api.github.com/users/Dr-Irv/following{/other_user}', 'gists_url': 'https://api.github.com/users/Dr-Irv/gists{/gist_id}', 'starred_url': 'https://api.github.com/users/Dr-Irv/starred{/owner}{/repo}', 'subscriptions_url': 'https://api.github.com/users/Dr-Irv/subscriptions', 'organizations_url': 'https://api.github.com/users/Dr-Irv/orgs', 'repos_url': 'https://api.github.com/users/Dr-Irv/repos', 'events_url': 'https://api.github.com/users/Dr-Irv/events{/privacy}', 'received_events_url': 'https://api.github.com/users/Dr-Irv/received_events', 'type': 'User', 'site_admin': False}"
19,2080795730,https://api.github.com/repos/pandas-dev/pandas/issues/56874,https://api.github.com/repos/pandas-dev/pandas,https://api.github.com/repos/pandas-dev/pandas/issues/56874/labels{/name},"{'login': 'twoertwein', 'id': 6618166, 'node_id': 'MDQ6VXNlcjY2MTgxNjY=', 'avatar_url': 'https://avatars.githubusercontent.com/u/6618166?v=4', 'gravatar_id': '', 'url': 'https://api.github.com/users/twoertwein', 'html_url': 'https://github.com/twoertwein', 'followers_url': 'https://api.github.com/users/twoertwein/followers', 'following_url': 'https://api.github.com/users/twoertwein/following{/other_user}', 'gists_url': 'https://api.github.com/users/twoertwein/gists{/gist_id}', 'starred_url': 'https://api.github.com/users/twoertwein/starred{/owner}{/repo}', 'subscriptions_url': 'https://api.github.com/users/twoertwein/subscriptions', 'organizations_url': 'https://api.github.com/users/twoertwein/orgs', 'repos_url': 'https://api.github.com/users/twoertwein/repos', 'events_url': 'https://api.github.com/users/twoertwein/events{/privacy}', 'received_events_url': 'https://api.github.com/users/twoertwein/received_events', 'type': 'User', 'site_admin': False}"
20,2080657758,https://api.github.com/repos/pandas-dev/pandas/issues/56872,https://api.github.com/repos/pandas-dev/pandas,https://api.github.com/repos/pandas-dev/pandas/issues/56872/labels{/name},"{'login': 'MarcoGorelli', 'id': 33491632, 'node_id': 'MDQ6VXNlcjMzNDkxNjMy', 'avatar_url': 'https://avatars.githubusercontent.com/u/33491632?v=4', 'gravatar_id': '', 'url': 'https://api.github.com/users/MarcoGorelli', 'html_url': 'https://github.com/MarcoGorelli', 'followers_url': 'https://api.github.com/users/MarcoGorelli/followers', 'following_url': 'https://api.github.com/users/MarcoGorelli/following{/other_user}', 'gists_url': 'https://api.github.com/users/MarcoGorelli/gists{/gist_id}', 'starred_url': 'https://api.github.com/users/MarcoGorelli/starred{/owner}{/repo}', 'subscriptions_url': 'https://api.github.com/users/MarcoGorelli/subscriptions', 'organizations_url': 'https://api.github.com/users/MarcoGorelli/orgs', 'repos_url': 'https://api.github.com/users/MarcoGorelli/repos', 'events_url': 'https://api.github.com/users/MarcoGorelli/events{/privacy}', 'received_events_url': 'https://api.github.com/users/MarcoGorelli/received_events', 'type': 'User', 'site_admin': False}"
21,2080598836,https://api.github.com/repos/pandas-dev/pandas/issues/56869,https://api.github.com/repos/pandas-dev/pandas,https://api.github.com/repos/pandas-dev/pandas/issues/56869/labels{/name},"{'login': 'NicoACloutier', 'id': 109252777, 'node_id': 'U_kgDOBoMQqQ', 'avatar_url': 'https://avatars.githubusercontent.com/u/109252777?v=4', 'gravatar_id': '', 'url': 'https://api.github.com/users/NicoACloutier', 'html_url': 'https://github.com/NicoACloutier', 'followers_url': 'https://api.github.com/users/NicoACloutier/followers', 'following_url': 'https://api.github.com/users/NicoACloutier/following{/other_user}', 'gists_url': 'https://api.github.com/users/NicoACloutier/gists{/gist_id}', 'starred_url': 'https://api.github.com/users/NicoACloutier/starred{/owner}{/repo}', 'subscriptions_url': 'https://api.github.com/users/NicoACloutier/subscriptions', 'organizations_url': 'https://api.github.com/users/NicoACloutier/orgs', 'repos_url': 'https://api.github.com/users/NicoACloutier/repos', 'events_url': 'https://api.github.com/users/NicoACloutier/events{/privacy}', 'received_events_url': 'https://api.github.com/users/NicoACloutier/received_events', 'type': 'User', 'site_admin': False}"
22,2080571642,https://api.github.com/repos/pandas-dev/pandas/issues/56866,https://api.github.com/repos/pandas-dev/pandas,https://api.github.com/repos/pandas-dev/pandas/issues/56866/labels{/name},"{'login': 'erichxchen', 'id': 153054577, 'node_id': 'U_kgDOCR9tcQ', 'avatar_url': 'https://avatars.githubusercontent.com/u/153054577?v=4', 'gravatar_id': '', 'url': 'https://api.github.com/users/erichxchen', 'html_url': 'https://github.com/erichxchen', 'followers_url': 'https://api.github.com/users/erichxchen/followers', 'following_url': 'https://api.github.com/users/erichxchen/following{/other_user}', 'gists_url': 'https://api.github.com/users/erichxchen/gists{/gist_id}', 'starred_url': 'https://api.github.com/users/erichxchen/starred{/owner}{/repo}', 'subscriptions_url': 'https://api.github.com/users/erichxchen/subscriptions', 'organizations_url': 'https://api.github.com/users/erichxchen/orgs', 'repos_url': 'https://api.github.com/users/erichxchen/repos', 'events_url': 'https://api.github.com/users/erichxchen/events{/privacy}', 'received_events_url': 'https://api.github.com/users/erichxchen/received_events', 'type': 'User', 'site_admin': False}"
23,2080566301,https://api.github.com/repos/pandas-dev/pandas/issues/56865,https://api.github.com/repos/pandas-dev/pandas,https://api.github.com/repos/pandas-dev/pandas/issues/56865/labels{/name},"{'login': 'erichxchen', 'id': 153054577, 'node_id': 'U_kgDOCR9tcQ', 'avatar_url': 'https://avatars.githubusercontent.com/u/153054577?v=4', 'gravatar_id': '', 'url': 'https://api.github.com/users/erichxchen', 'html_url': 'https://github.com/erichxchen', 'followers_url': 'https://api.github.com/users/erichxchen/followers', 'following_url': 'https://api.github.com/users/erichxchen/following{/other_user}', 'gists_url': 'https://api.github.com/users/erichxchen/gists{/gist_id}', 'starred_url': 'https://api.github.com/users/erichxchen/starred{/owner}{/repo}', 'subscriptions_url': 'https://api.github.com/users/erichxchen/subscriptions', 'organizations_url': 'https://api.github.com/users/erichxchen/orgs', 'repos_url': 'https://api.github.com/users/erichxchen/repos', 'events_url': 'https://api.github.com/users/erichxchen/events{/privacy}', 'received_events_url': 'https://api.github.com/users/erichxchen/received_events', 'type': 'User', 'site_admin': False}"
24,2080551502,https://api.github.com/repos/pandas-dev/pandas/issues/56864,https://api.github.com/repos/pandas-dev/pandas,https://api.github.com/repos/pandas-dev/pandas/issues/56864/labels{/name},"{'login': 'erichxchen', 'id': 153054577, 'node_id': 'U_kgDOCR9tcQ', 'avatar_url': 'https://avatars.githubusercontent.com/u/153054577?v=4', 'gravatar_id': '', 'url': 'https://api.github.com/users/erichxchen', 'html_url': 'https://github.com/erichxchen', 'followers_url': 'https://api.github.com/users/erichxchen/followers', 'following_url': 'https://api.github.com/users/erichxchen/following{/other_user}', 'gists_url': 'https://api.github.com/users/erichxchen/gists{/gist_id}', 'starred_url': 'https://api.github.com/users/erichxchen/starred{/owner}{/repo}', 'subscriptions_url': 'https://api.github.com/users/erichxchen/subscriptions', 'organizations_url': 'https://api.github.com/users/erichxchen/orgs', 'repos_url': 'https://api.github.com/users/erichxchen/repos', 'events_url': 'https://api.github.com/users/erichxchen/events{/privacy}', 'received_events_url': 'https://api.github.com/users/erichxchen/received_events', 'type': 'User', 'site_admin': False}"
25,2080503137,https://api.github.com/repos/pandas-dev/pandas/issues/56863,https://api.github.com/repos/pandas-dev/pandas,https://api.github.com/repos/pandas-dev/pandas/issues/56863/labels{/name},"{'login': 'mroeschke', 'id': 10647082, 'node_id': 'MDQ6VXNlcjEwNjQ3MDgy', 'avatar_url': 'https://avatars.githubusercontent.com/u/10647082?v=4', 'gravatar_id': '', 'url': 'https://api.github.com/users/mroeschke', 'html_url': 'https://github.com/mroeschke', 'followers_url': 'https://api.github.com/users/mroeschke/followers', 'following_url': 'https://api.github.com/users/mroeschke/following{/other_user}', 'gists_url': 'https://api.github.com/users/mroeschke/gists{/gist_id}', 'starred_url': 'https://api.github.com/users/mroeschke/starred{/owner}{/repo}', 'subscriptions_url': 'https://api.github.com/users/mroeschke/subscriptions', 'organizations_url': 'https://api.github.com/users/mroeschke/orgs', 'repos_url': 'https://api.github.com/users/mroeschke/repos', 'events_url': 'https://api.github.com/users/mroeschke/events{/privacy}', 'received_events_url': 'https://api.github.com/users/mroeschke/received_events', 'type': 'User', 'site_admin': False}"
26,2080289471,https://api.github.com/repos/pandas-dev/pandas/issues/56860,https://api.github.com/repos/pandas-dev/pandas,https://api.github.com/repos/pandas-dev/pandas/issues/56860/labels{/name},"{'login': 'soerenwolfers', 'id': 16045385, 'node_id': 'MDQ6VXNlcjE2MDQ1Mzg1', 'avatar_url': 'https://avatars.githubusercontent.com/u/16045385?v=4', 'gravatar_id': '', 'url': 'https://api.github.com/users/soerenwolfers', 'html_url': 'https://github.com/soerenwolfers', 'followers_url': 'https://api.github.com/users/soerenwolfers/followers', 'following_url': 'https://api.github.com/users/soerenwolfers/following{/other_user}', 'gists_url': 'https://api.github.com/users/soerenwolfers/gists{/gist_id}', 'starred_url': 'https://api.github.com/users/soerenwolfers/starred{/owner}{/repo}', 'subscriptions_url': 'https://api.github.com/users/soerenwolfers/subscriptions', 'organizations_url': 'https://api.github.com/users/soerenwolfers/orgs', 'repos_url': 'https://api.github.com/users/soerenwolfers/repos', 'events_url': 'https://api.github.com/users/soerenwolfers/events{/privacy}', 'received_events_url': 'https://api.github.com/users/soerenwolfers/received_events', 'type': 'User', 'site_admin': False}"
27,2079831752,https://api.github.com/repos/pandas-dev/pandas/issues/56853,https://api.github.com/repos/pandas-dev/pandas,https://api.github.com/repos/pandas-dev/pandas/issues/56853/labels{/name},"{'login': 'traubms', 'id': 10537808, 'node_id': 'MDQ6VXNlcjEwNTM3ODA4', 'avatar_url': 'https://avatars.githubusercontent.com/u/10537808?v=4', 'gravatar_id': '', 'url': 'https://api.github.com/users/traubms', 'html_url': 'https://github.com/traubms', 'followers_url': 'https://api.github.com/users/traubms/followers', 'following_url': 'https://api.github.com/users/traubms/following{/other_user}', 'gists_url': 'https://api.github.com/users/traubms/gists{/gist_id}', 'starred_url': 'https://api.github.com/users/traubms/starred{/owner}{/repo}', 'subscriptions_url': 'https://api.github.com/users/traubms/subscriptions', 'organizations_url': 'https://api.github.com/users/traubms/orgs', 'repos_url': 'https://api.github.com/users/traubms/repos', 'events_url': 'https://api.github.com/users/traubms/events{/privacy}', 'received_events_url': 'https://api.github.com/users/traubms/received_events', 'type': 'User', 'site_admin': False}"
28,2079730400,https://api.github.com/repos/pandas-dev/pandas/issues/56851,https://api.github.com/repos/pandas-dev/pandas,https://api.github.com/repos/pandas-dev/pandas/issues/56851/labels{/name},"{'login': 'sfc-gh-mvashishtha', 'id': 149194323, 'node_id': 'U_kgDOCOSGUw', 'avatar_url': 'https://avatars.githubusercontent.com/u/149194323?v=4', 'gravatar_id': '', 'url': 'https://api.github.com/users/sfc-gh-mvashishtha', 'html_url': 'https://github.com/sfc-gh-mvashishtha', 'followers_url': 'https://api.github.com/users/sfc-gh-mvashishtha/followers', 'following_url': 'https://api.github.com/users/sfc-gh-mvashishtha/following{/other_user}', 'gists_url': 'https://api.github.com/users/sfc-gh-mvashishtha/gists{/gist_id}', 'starred_url': 'https://api.github.com/users/sfc-gh-mvashishtha/starred{/owner}{/repo}', 'subscriptions_url': 'https://api.github.com/users/sfc-gh-mvashishtha/subscriptions', 'organizations_url': 'https://api.github.com/users/sfc-gh-mvashishtha/orgs', 'repos_url': 'https://api.github.com/users/sfc-gh-mvashishtha/repos', 'events_url': 'https://api.github.com/users/sfc-gh-mvashishtha/events{/privacy}', 'received_events_url': 'https://api.github.com/users/sfc-gh-mvashishtha/received_events', 'type': 'User', 'site_admin': False}"
29,2079239622,https://api.github.com/repos/pandas-dev/pandas/issues/56848,https://api.github.com/repos/pandas-dev/pandas,https://api.github.com/repos/pandas-dev/pandas/issues/56848/labels{/name},"{'login': 'oliverbeagley-pgg', 'id': 117079880, 'node_id': 'U_kgDOBvp_SA', 'avatar_url': 'https://avatars.githubusercontent.com/u/117079880?v=4', 'gravatar_id': '', 'url': 'https://api.github.com/users/oliverbeagley-pgg', 'html_url': 'https://github.com/oliverbeagley-pgg', 'followers_url': 'https://api.github.com/users/oliverbeagley-pgg/followers', 'following_url': 'https://api.github.com/users/oliverbeagley-pgg/following{/other_user}', 'gists_url': 'https://api.github.com/users/oliverbeagley-pgg/gists{/gist_id}', 'starred_url': 'https://api.github.com/users/oliverbeagley-pgg/starred{/owner}{/repo}', 'subscriptions_url': 'https://api.github.com/users/oliverbeagley-pgg/subscriptions', 'organizations_url': 'https://api.github.com/users/oliverbeagley-pgg/orgs', 'repos_url': 'https://api.github.com/users/oliverbeagley-pgg/repos', 'events_url': 'https://api.github.com/users/oliverbeagley-pgg/events{/privacy}', 'received_events_url': 'https://api.github.com/users/oliverbeagley-pgg/received_events', 'type': 'User', 'site_admin': False}"
